<?xml version="1.0" encoding="UTF-8" standalone="yes"?>
<addon id="plugin.video.KodiTVR_SPORT_STREAMS" name="KodiTVR SPORT STREAMS" version="3.1.0" provider-name="KodiTVR">
<requires>
    <import addon="xbmc.python" version="3.0.0" />
</requires>
<extension point="xbmc.python.pluginsource" library="default.py">
		<provides>video</provides>
	</extension>
	<extension  point="xbmc.addon.metadata">
		<summary lang="en"></summary>
		<description lang="en">Sports add-on online to view sports channels in the Kodi app by KodiTVR, Add-on de desporto on-line para ver canais de desporto no aplicativo Kodi da KodiTVR</description>
		<platform>all</platform>
		<website>https://koditvr.wixsite.com/website</website>
	</extension>
</addon>
