
 <channels>
 <channel>
 <name></name>
 <thumbnail>https://upload.wikimedia.org/wikipedia/commons/thumb/1/16/The_Pirate_Bay_logo.svg/2000px-The_Pirate_Bay_logo.svg.png</thumbnail>
 <externallink></externallink>
 <fanart></fanart>
 <info></info>
 </channel>
 </channels>


 <channels>
 <channel>
 <name></name>
 <thumbnail></thumbnail>
 <externallink></externallink>
 <fanart></fanart>
 <info></info>
 </channel>
 </channels>


 <channels>
 <channel>
 <name></name>
 <thumbnail></thumbnail>
 <externallink></externallink>
 <fanart></fanart>
 <info></info>
 </channel>
 </channels>
