 <channels>
 <channel>
 <name></name>
 <thumbnail></thumbnail>
 <externallink></externallink>
 <fanart></fanart>
 <info></info>
 </channel>
 </channels><channels>
</channels><channel>
<name>[COLOR red][B]Mar[/B][/COLOR][B][COLORblue]vel[/COLOR][/B]</name>
<externallink></externallink>
<thumbnail></thumbnail>
<fanart></fanart>
<date>15/05/2018</date>
</channel><channels>
<channel>
<name></name>
<thumbnail></thumbnail>
<externallink></externallink>
<fanart></fanart>
<info></info>
</channel>
</channels>