﻿<?xml version="1.0" encoding="UTF-8" standalone="yes"?>
<addon id="plugin.video.KodiTVR.CINE" name="[B][COLORgreen]KodiTVR[/COLOR] [COLORred][B]CINE[/COLOR][/B]" version="1.0.0" provider-name="KodiTVR">
    <requires>
        <import addon="xbmc.python" version="2.19.0" />
        <import addon="script.module.universalscrapers" version="1.0.0" />
        <import addon="script.module.python.koding.aio" version="0.9.6.6" />
        <import addon="script.module.beautifulsoup" version="3.2.1" />
        <import addon="script.module.requests" version="2.9.1" />
        <import addon="script.module.addon.common" version="2.0.0" />
        <import addon="script.module.xmltodict" version="0.9.0" />
        <!--<import addon="script.module.web-pdb" version="1.0"/>-->
        <import addon="script.module.resolveurl" />
        <!--<import addon="script.module.urlresolver" />-->
        <import addon="script.module.dateutil" />
    </requires>
    <extension point="xbmc.python.pluginsource" library="default.py">
        <provides>audio video</provides>
    </extension>
    <extension point="xbmc.pass" library="service.py" start="[login|startup]" />
    <extension point="xbmc.addon.metadata">
        <summary lang="en">[COLORyellow]KodiTVR INTERNET-SERVER FOR WATCH FILMS AND SERIES[/COLOR]</summary>
        <description lang="en">[COLORlime]KodiTVR INTERNET-SERVER FOR WATCH FILMS AND SERIES[/COLOR]</description>
        <disclaimer lang="en">The author is not responsible for the use of this add-on. The author is not responsible for the content found using this add-on. The author does not host or own any content found within this add-on.[CR]The author is in no way affiliated with Kodi, Team Kodi, or the XBMC Foundation.[CR]This is a Non-profit resource, organized solely for educational purposes which is protected under the Fair-Use doctrine of the Copyright Act, Specifically section 107, which does promote freedom of expression, by permitting the unlicensed use of copyright-protected works.</disclaimer>
        <platform>all</platform>
        <website/>
        <video_guide>https://www.youtube.com/channel/UCS1mKk1W9Q0abhFOlUNOckw?view_as=subscriber</video_guide>
        <reuselanguageinvoker>false</reuselanguageinvoker>
        <assets>
			<icon>icon.png</icon>
			<fanart>fanart.jpg</fanart>
			<screenshot>resources/media/screenshot-01.jpg</screenshot>
			<screenshot>resources/media/screenshot-02.jpg</screenshot>
			<screenshot>resources/media/screenshot-03.jpg</screenshot>
		</assets>
    </extension>
</addon>
