<?xml version="1.0" encoding="UTF-8" standalone="yes"?>
<addon id="plugin.video.koditvr" version="2.0.81" name="[COLORlime]IPTV KodiTVR[/COLOR]" provider-name="KodiTVR">
	<requires>
		<import addon="xbmc.python" version="2.19.0" />
		<import addon="script.koditvr.artwork" />
		<import addon="script.module.resolveurl" />
		<import addon="script.module.requests" />
		<import addon="script.module.metahandler" />
        <import addon="script.module.js2py" />
        <import addon="script.module.pyjsparser" />
		<import addon="script.module.beautifulsoup4" />
		<import addon="plugin.video.youtube"/>
	</requires>
	<extension point="xbmc.python.pluginsource" library="koditvr.py">
		<provides>video</provides>
	</extension>
	<extension point="xbmc.service" library="service.py" start="startup" />
	<extension point="xbmc.addon.metadata">
		<description lang="en">IPTV: TV, Movies, Sports.</description>
        <disclaimer lang="en">The author is not responsible for the use of this addon. The author is not responsible for the content found using this addon. The author does not host or own any content found within this addon.</disclaimer>
        <license></license>
		<assets>
			<icon>icon.png</icon>
			<fanart>fanart.jpg</fanart>
		</assets>
		<news>
			v2.0.81
-TV
- MOVIES
- SPORTS
- IPTV
		</news>
	</extension>
</addon>
