<?xml version="1.0" encoding="UTF-8" standalone="yes"?>
<addon id="repository.KodiTVR" name="KodiTVR" version="1.0.0" provider-name="KodiTVR">
    <requires>
        <import addon="xbmc.python" version="2.1.0"/>
		<import addon="xbmc.addon" version="12.0.0"/>
        <import addon="script.module.simple.downloader" version="0.9.4"/>
        <import addon="script.module.t0mm0.common" version="2.0.0"/>
        <import addon="script.module.beautifulsoup4" />
        <import addon="script.module.requests" />
        <import addon="script.module.httplib2" />
        <import addon="script.module.simple.downloader" version="0.9.4"/>
        <import addon="plugin.video.youtube" version="5.2.1" />
        <import addon="script.module.urlresolver" />
        <import addon="script.module.simplejson" />    
        <import addon="script.module.livestreamer"/>
        <import addon="script.module.pyamf"/>
        <import addon="script.common.plugin.cache" version="2.5.2"/>
        <import addon="script.module.metahandler" version="2.5.1"/>
	    <import addon="script.module.addon.common" />
	    <import addon="script.module.addon.signals" version="0.0.1"/>
	    <import addon="script.module.youtube.dl" optional="true"/>	
	</requires>
	<extension point="xbmc.addon.repository" name="VietKodi Addon Repository">
		<info compressed="false">https://raw.githubusercontent.com/KodiTVR/repository.KodiTVR/master/addons.xml</info>
		<checksum>https://raw.githubusercontent.com/KodiTVR/repository.KodiTVR/master/addons.xml.md5</checksum>
		<datadir zip="true">https://raw.githubusercontent.com/KodiTVR/repository.KodiTVR/master/zips</datadir>
	</extension>
	<extension point="xbmc.addon.metadata">
		<summary>KodiTVR Repo</summary>
		<description>Repo for KodiTVR</description>
		<platform>all</platform>
	</extension>
</addon>


