<?xml version="1.0" encoding="UTF-8" standalone="yes"?>
<addon id="plugin.video.xtream-codes" name="[COLOR white]KodiTVR[/COLOR] [COLOR gold]Xtream[/COLOR][COLOR black]-[/COLOR][COLOR gold]IPTV[/COLOR]" version="2.2" provider-name="KodiTVR">
  <requires>
    <import addon="xbmc.python" version="2.1.0"/>
	<import addon="script.module.addon.common" />
  </requires>
  <extension point="xbmc.python.pluginsource" library="init.py">
        <provides>video executable</provides>
  </extension>
  <extension point="xbmc.addon.metadata">
    <summary lang="en">[COLOR lime]KodiTVR Xtream-IPTV[/COLOR]</summary>
    <website>http://www.xtream-codes.com/</website>
    <description lang="en"></description>
    <forum></forum>
    <email></email>
    <disclaimer lang="en"></disclaimer>
    <platform>all</platform>
  </extension>
</addon>
