<?xml version="1.0" encoding="UTF-8" standalone="yes"?>
<addon id="plugin.video.KodiTVR_PT_BR" name="[COLORgreen]KodiTVR[/COLOR]  [COLORred]PORTUGAL[/COLOR]  [COLORdarkblue]BR[/COLOR][COLORlime]ASIL[/COLOR]" version="1.0.8" provider-name="KodiTVR">
    <requires>
        <import addon="xbmc.python" version="2.1.0" />
        <import addon="script.module.beautifulsoup4" version="4.3.2"/>
        <import addon="plugin.video.youtube" version="5.1.20.6"/>
   </requires>
	<extension point="xbmc.python.pluginsource" library="default.py">
	    <provides>video</provides>
	</extension>
    <extension point="xbmc.addon.metadata">
        <platform>all</platform>
        <summary>[COLORgreen]KodiTVR[/COLOR]  [COLORred]PORTUGAL[/COLOR]  [COLORdarkblue]BR[/COLOR][COLORlime]ASIL[/COLOR] [COLORwhite]HD[/COLOR]</summary>
        <description>[COLORgreen]KodiTVR[/COLOR] [COLORred]PT[/COLOR]  [COLORwhite] - [/COLOR]  [COLORdarkblue]B[/COLOR][COLORlime]R[/COLOR] [COLORwhite]HD[/COLOR] Canais(filmes, séries, rádios, TV) portugueses e brasileiros.</description>
    </extension>
</addon>
