<?xml version="1.0" encoding="UTF-8" standalone="yes"?>
<addon id="repository.KodiTVR" name="KodiTVR" version="1.0.0" provider-name="KodiTVR">
	<extension point="xbmc.addon.repository" name="VietKodi Addon Repository">
		<info compressed="false">https://raw.githubusercontent.com/KodiTVR/repository.KodiTVR/master/addons.xml</info>
		<checksum>https://raw.githubusercontent.com/KodiTVR/repository.KodiTVR/master/addons.xml.md5</checksum>
		<datadir zip="true">https://raw.githubusercontent.com/KodiTVR/repository.KodiTVR/master/zips</datadir>
	</extension>
	<extension point="xbmc.addon.metadata">
		<summary>KodiTVR Repo</summary>
		<description>Repo for KodiTVR</description>
		<platform>all</platform>
	</extension>
</addon>


