﻿<?xml version="1.0" encoding="utf-8" standalone="yes"?>
<window type="window">
	<depth>0.52</depth>
	<defaultcontrol always="true">32500</defaultcontrol>
	<animation type="WindowOpen" reversible="false">
		<effect type="zoom" start="80" end="100" center="960,540" delay="160" tween="back" time="240" />
		<effect type="fade" delay="160" end="100" time="240" />
	</animation>
	<animation type="WindowClose" reversible="false">
		<effect type="zoom" start="100" end="80" center="960,540" easing="in" tween="back" time="240" />
		<effect type="fade" start="100" end="0" time="240" />
	</animation>
	<controls>
		<control type="image" id="32502">
			<left>158</left>
			<top>24</top>
			<width>966</width>
			<height>663</height>
			<visible>IsEmpty(Window(home).Property(loading-script-matchcenter-livescores))</visible>
			<texture border="2">dialog-bg-solid.png</texture>
		</control>
		<control type="group">
			<control type="group">
				<control type="panel" id="32500">
					<left>160</left>
					<top>26</top>
					<width>950</width>
					<height>660</height>
					<onup>32501</onup>
					<ondown>32500</ondown>
					<onleft>62</onleft>
					<onright>61</onright>
					<pagecontrol>61</pagecontrol>
					<itemlayout height="165" width="945">
						<control type="image">
							<top>-20</top>
							<left>-20</left>
							<width>990</width>
							<height>203</height>
							<texture border="40">button-nofo.png</texture>
						</control>
						<control type="image">
							<left>200</left>
							<top>10</top>
							<width>140</width>
							<height>140</height>
							<texture>$INFO[ListItem.Property(home_team_logo)]</texture>
						</control>
						<control type="image">
							<left>800</left>
							<top>10</top>
							<width>140</width>
							<height>140</height>
							<texture>$INFO[ListItem.Property(away_team_logo)]</texture>
						</control>
						<control type="label">
							<description>Time progress</description>
							<posx>10</posx>
							<posy>50</posy>
							<width>160</width>
							<height>40</height>
							<label>$INFO[ListItem.Property(minute)]</label>
							<font>font30_title</font>
							<align>center</align>
							<scroll>true</scroll>
							<textcolor>gold</textcolor>
							<shadowcolor>AA000000</shadowcolor>
						</control>
						<control type="label">
							<description>Start Time</description>
							<posx>20</posx>
							<posy>115</posy>
							<width>160</width>
							<height>40</height>
							<label>$INFO[ListItem.Property(starttime)]</label>
							<font>font12</font>
							<align>center</align>
							<textcolor>grey</textcolor>
							<shadowcolor>AA000000</shadowcolor>
						</control>
						<control type="progress">
							<description>Progressbar</description>
							<left>20</left>
							<top>100</top>
							<width>150</width>
							<height>16</height>
							<info>ListItem.Property(matchpercent)</info>
							<texturebg border="3">texturebg_border_white.png</texturebg>
							<midtexture colordiffuse="FF12B2E7" border="3">texturebg_white.png</midtexture>
							<lefttexture>-</lefttexture>
							<righttexture>-</righttexture>
							<overlaytexture>-</overlaytexture>
						</control>
						<control type="image">
							<left>170</left>
							<top>57</top>
							<width>30</width>
							<height>30</height>
							<texture>$INFO[ListItem.Property(status)]</texture>
						</control>
						<control type="label">
							<description>League</description>
							<posx>350</posx>
							<posy>10</posy>
							<width>450</width>
							<height>40</height>
							<label>$INFO[ListItem.Property(league_and_round)]</label>
							<font>font13_title</font>
							<align>center</align>
							<textcolor>selected</textcolor>
							<shadowcolor>AA000000</shadowcolor>
						</control>
						<control type="label">
							<description>Result</description>
							<posx>490</posx>
							<posy>50</posy>
							<width>170</width>
							<height>40</height>
							<label>$INFO[ListItem.Property(result)]</label>
							<font>font_MainMenu</font>
							<align>center</align>
							<textcolor>white</textcolor>
							<shadowcolor>AA000000</shadowcolor>
						</control>
						<control type="textbox">
							<description>Home Team</description>
							<posx>350</posx>
							<posy>47</posy>
							<width>150</width>
							<height>70</height>
							<label>$INFO[ListItem.Property(hometeam_long)]</label>
							<font>font24_title</font>
							<align>center</align>
							<textcolor>grey</textcolor>
							<shadowcolor>AA000000</shadowcolor>
						</control>
						<control type="label">
							<description>Home Team</description>
							<posx>350</posx>
							<posy>60</posy>
							<width>170</width>
							<height>40</height>
							<label>$INFO[ListItem.Property(hometeam_short)]</label>
							<font>font24_title</font>
							<align>center</align>
							<textcolor>grey</textcolor>
							<shadowcolor>AA000000</shadowcolor>
						</control>
						<control type="textbox">
							<description>Home Team</description>
							<posx>630</posx>
							<posy>47</posy>
							<width>150</width>
							<height>70</height>
							<label>$INFO[ListItem.Property(awayteam_long)]</label>
							<font>font24_title</font>
							<align>center</align>
							<textcolor>grey</textcolor>
							<shadowcolor>AA000000</shadowcolor>
						</control>
						<control type="label">
							<description>Away Team</description>
							<posx>630</posx>
							<posy>60</posy>
							<width>170</width>
							<height>40</height>
							<label>$INFO[ListItem.Property(awayteam_short)]</label>
							<font>font24_title</font>
							<align>center</align>
							<textcolor>grey</textcolor>
							<shadowcolor>AA000000</shadowcolor>
						</control>
						<control type="image">
							<description>Home Team first redcard</description>
							<left>350</left>
							<top>105</top>
							<width>20</width>
							<height>20</height>
							<texture>$INFO[ListItem.Property(home_redcard1)]</texture>
						</control>
						<control type="image">
							<description>Home Team second redcard</description>
							<left>370</left>
							<top>105</top>
							<width>20</width>
							<height>20</height>
							<texture>$INFO[ListItem.Property(home_redcard2)]</texture>
						</control>
						<control type="image">
							<description>Home Team third redcard</description>
							<left>390</left>
							<top>105</top>
							<width>20</width>
							<height>20</height>
							<texture>$INFO[ListItem.Property(home_redcard3)]</texture>
						</control>
						<control type="image">
							<description>Home Team goal</description>
							<left>335</left>
							<top>123</top>
							<width>30</width>
							<height>30</height>
							<texture>$INFO[ListItem.Property(has_home_goals)]</texture>
						</control>
						<control type="label">
							<description>Home Goal details</description>
							<posx>370</posx>
							<posy>125</posy>
							<width>185</width>
							<height>40</height>
							<scroll>true</scroll>
							<label>$INFO[ListItem.Property(home_goal_details)]</label>
							<font>font12</font>
							<align>left</align>
							<textcolor>grey</textcolor>
							<shadowcolor>AA000000</shadowcolor>
						</control>
						<control type="image">
							<description>Away Team first redcard</description>
							<left>735</left>
							<top>105</top>
							<width>20</width>
							<height>20</height>
							<texture>$INFO[ListItem.Property(away_redcard1)]</texture>
						</control>
						<control type="image">
							<description>Away Team second redcard</description>
							<left>755</left>
							<top>105</top>
							<width>20</width>
							<height>20</height>
							<texture>$INFO[ListItem.Property(away_redcard2)]</texture>
						</control>
						<control type="image">
							<description>Away Team third redcard</description>
							<left>775</left>
							<top>105</top>
							<width>20</width>
							<height>20</height>
							<texture>$INFO[ListItem.Property(away_redcard3)]</texture>
						</control>
						<control type="image">
							<description>Away Team goal</description>
							<left>780</left>
							<top>123</top>
							<width>30</width>
							<height>30</height>
							<texture>$INFO[ListItem.Property(has_away_goals)]</texture>
						</control>
						<control type="label">
							<description>Away Goal details</description>
							<posx>590</posx>
							<posy>125</posy>
							<width>185</width>
							<height>40</height>
							<scroll>true</scroll>
							<label>$INFO[ListItem.Property(away_goal_details)]</label>
							<font>font12</font>
							<align>right</align>
							<textcolor>grey</textcolor>
							<shadowcolor>AA000000</shadowcolor>
						</control>
					</itemlayout>
					<focusedlayout height="165" width="945">
						<control type="image">
							<top>-20</top>
							<left>-20</left>
							<width>990</width>
							<height>205</height>
							<texture border="40">button-nofo.png</texture>
							<animation effect="fade" start="0" end="100" time="0">Unfocus</animation>
							<animation effect="fade" start="100" end="0" time="0">Focus</animation>
						</control>
						<control type="image">
							<top>-20</top>
							<left>-20</left>
							<width>990</width>
							<height>205</height>
							<texture border="40" colordiffuse="FF12B2E7">button-fo.png</texture>
							<animation effect="fade" start="100" end="0" time="0">Unfocus</animation>
						</control>
						<control type="image">
							<left>200</left>
							<top>10</top>
							<width>140</width>
							<height>140</height>
							<texture>$INFO[ListItem.Property(home_team_logo)]</texture>
						</control>
						<control type="image">
							<left>800</left>
							<top>10</top>
							<width>140</width>
							<height>140</height>
							<texture>$INFO[ListItem.Property(away_team_logo)]</texture>
						</control>
						<control type="label">
							<description>Time progress</description>
							<posx>10</posx>
							<posy>50</posy>
							<width>160</width>
							<height>40</height>
							<label>$INFO[ListItem.Property(minute)]</label>
							<font>font30_title</font>
							<align>center</align>
							<scroll>true</scroll>
							<textcolor>gold</textcolor>
							<shadowcolor>AA000000</shadowcolor>
						</control>
						<control type="label">
							<description>Start Time</description>
							<posx>20</posx>
							<posy>115</posy>
							<width>160</width>
							<height>40</height>
							<label>$INFO[ListItem.Property(starttime)]</label>
							<font>font12</font>
							<align>center</align>
							<textcolor>grey</textcolor>
							<shadowcolor>AA000000</shadowcolor>
						</control>
						<control type="progress">
							<description>Progressbar</description>
							<left>20</left>
							<top>100</top>
							<width>150</width>
							<height>16</height>
							<info>ListItem.Property(matchpercent)</info>
							<texturebg border="3">texturebg_border_white.png</texturebg>
							<midtexture colordiffuse="FF12B2E7" border="3">texturebg_white.png</midtexture>
							<lefttexture>-</lefttexture>
							<righttexture>-</righttexture>
							<overlaytexture>-</overlaytexture>
						</control>
						<control type="image">
							<left>170</left>
							<top>57</top>
							<width>30</width>
							<height>30</height>
							<texture>$INFO[ListItem.Property(status)]</texture>
						</control>
						<control type="label">
							<description>League</description>
							<posx>350</posx>
							<posy>10</posy>
							<width>450</width>
							<height>40</height>
							<label>$INFO[ListItem.Property(league_and_round)]</label>
							<font>font13_title</font>
							<align>center</align>
							<textcolor>selected</textcolor>
							<shadowcolor>AA000000</shadowcolor>
						</control>
						<control type="label">
							<description>Result</description>
							<posx>490</posx>
							<posy>50</posy>
							<width>170</width>
							<height>40</height>
							<label>$INFO[ListItem.Property(result)]</label>
							<font>font_MainMenu</font>
							<align>center</align>
							<textcolor>white</textcolor>
							<shadowcolor>AA000000</shadowcolor>
						</control>
						<control type="textbox">
							<description>Home Team</description>
							<posx>350</posx>
							<posy>47</posy>
							<width>150</width>
							<height>70</height>
							<label>$INFO[ListItem.Property(hometeam_long)]</label>
							<font>font24_title</font>
							<align>center</align>
							<textcolor>white</textcolor>
							<shadowcolor>AA000000</shadowcolor>
						</control>
						<control type="label">
							<description>Home Team</description>
							<posx>350</posx>
							<posy>60</posy>
							<width>170</width>
							<height>40</height>
							<label>$INFO[ListItem.Property(hometeam_short)]</label>
							<font>font24_title</font>
							<align>center</align>
							<textcolor>white</textcolor>
							<shadowcolor>AA000000</shadowcolor>
						</control>
						<control type="textbox">
							<description>Home Team</description>
							<posx>630</posx>
							<posy>47</posy>
							<width>150</width>
							<height>70</height>
							<label>$INFO[ListItem.Property(awayteam_long)]</label>
							<font>font24_title</font>
							<align>center</align>
							<textcolor>white</textcolor>
							<shadowcolor>AA000000</shadowcolor>
						</control>
						<control type="label">
							<description>Away Team</description>
							<posx>630</posx>
							<posy>60</posy>
							<width>170</width>
							<height>40</height>
							<label>$INFO[ListItem.Property(awayteam_short)]</label>
							<font>font24_title</font>
							<align>center</align>
							<textcolor>white</textcolor>
							<shadowcolor>AA000000</shadowcolor>
						</control>
						<control type="image">
							<description>Home Team first redcard</description>
							<left>350</left>
							<top>105</top>
							<width>20</width>
							<height>20</height>
							<texture>$INFO[ListItem.Property(home_redcard1)]</texture>
						</control>
						<control type="image">
							<description>Home Team second redcard</description>
							<left>370</left>
							<top>105</top>
							<width>20</width>
							<height>20</height>
							<texture>$INFO[ListItem.Property(home_redcard2)]</texture>
						</control>
						<control type="image">
							<description>Home Team third redcard</description>
							<left>390</left>
							<top>105</top>
							<width>20</width>
							<height>20</height>
							<texture>$INFO[ListItem.Property(home_redcard3)]</texture>
						</control>
						<control type="image">
							<description>Home Team goal</description>
							<left>335</left>
							<top>123</top>
							<width>30</width>
							<height>30</height>
							<texture>$INFO[ListItem.Property(has_home_goals)]</texture>
						</control>
						<control type="label">
							<description>Home Goal details</description>
							<posx>370</posx>
							<posy>125</posy>
							<width>185</width>
							<height>40</height>
							<scroll>true</scroll>
							<label>$INFO[ListItem.Property(home_goal_details)]</label>
							<font>font12</font>
							<align>left</align>
							<textcolor>white</textcolor>
							<shadowcolor>AA000000</shadowcolor>
						</control>
						<control type="image">
							<description>Away Team first redcard</description>
							<left>735</left>
							<top>105</top>
							<width>20</width>
							<height>20</height>
							<texture>$INFO[ListItem.Property(away_redcard1)]</texture>
						</control>
						<control type="image">
							<description>Away Team second redcard</description>
							<left>755</left>
							<top>105</top>
							<width>20</width>
							<height>20</height>
							<texture>$INFO[ListItem.Property(away_redcard2)]</texture>
						</control>
						<control type="image">
							<description>Away Team third redcard</description>
							<left>775</left>
							<top>105</top>
							<width>20</width>
							<height>20</height>
							<texture>$INFO[ListItem.Property(away_redcard3)]</texture>
						</control>
						<control type="image">
							<description>Away Team goal</description>
							<left>780</left>
							<top>123</top>
							<width>30</width>
							<height>30</height>
							<texture>$INFO[ListItem.Property(has_away_goals)]</texture>
						</control>
						<control type="label">
							<description>Away Goal details</description>
							<posx>590</posx>
							<posy>125</posy>
							<width>185</width>
							<height>40</height>
							<scroll>true</scroll>
							<label>$INFO[ListItem.Property(away_goal_details)]</label>
							<font>font12</font>
							<align>right</align>
							<textcolor>white</textcolor>
							<shadowcolor>AA000000</shadowcolor>
						</control>
					</focusedlayout>
				</control>
				<control type="scrollbar" id="61">
					<left>990</left>
					<top>26</top>
					<width>15</width>
					<height>660</height>
					<texturesliderbackground colordiffuse="29FFFFFF">white.png</texturesliderbackground>
					<texturesliderbar colordiffuse="AAFFFFFF">white.png</texturesliderbar>
					<texturesliderbarfocus colordiffuse="FF12B2E7">white.png</texturesliderbarfocus>
					<textureslidernib>-</textureslidernib>
					<textureslidernibfocus>-</textureslidernibfocus>
					<showonepage>false</showonepage>
					<orientation>vertical</orientation>
					<onleft>32500</onleft>
					<onright>32500</onright>
					<ondown>32500</ondown>
					<onup>32500</onup>
					<visible>IsEmpty(Window(home).Property(no-games))+IsEmpty(Window(home).Property(loading-script-matchcenter-livescores))</visible>
					<animation effect="slide" end="120,0" time="0" condition="!Control.IsVisible(5)">Conditional</animation>
				</control>
			</control>
		</control>
		<!--Busy control-->
		<control type="image">
			<left>680</left>
			<top>550</top>
			<width>550</width>
			<height>150</height>
			<visible>!IsEmpty(Window(home).Property(loading-script-matchcenter-livescores))</visible>
			<texture border="2">dialog-bg-solid.png</texture>
		</control>
		<control type="image" id="32540">
			<description>Busy animation</description>
			<posx>750</posx>
			<posy>560</posy>
			<width>120</width>
			<height>120</height>
			<texture></texture>
			<aspectratio>keep</aspectratio>
			<animation effect="rotate" start="0" end="360" center="810,620" time="1200" loop="true" condition="true">conditional</animation>
			<visible>!IsEmpty(Window(home).Property(loading-script-matchcenter-livescores))</visible>
		</control>
		<control type="label">
			<top>580</top>
			<left>700</left>
			<width>650</width>
			<height>90</height>
			<font>font35_title</font>
			<textcolor>FFF0F0F0</textcolor>
			<aligny>center</aligny>
			<align>center</align>
			<label>$ADDON[script.matchcenter 32016]</label>
			<visible>!IsEmpty(Window(home).Property(loading-script-matchcenter-livescores))</visible>
		</control>	
		<!--No games-->
		<control type="image" id="32541">
			<description>Goal image</description>
			<posx>580</posx>
			<posy>250</posy>
			<width>150</width>
			<height>150</height>
			<texture></texture>
			<aspectratio>keep</aspectratio>
			<visible>!IsEmpty(Window(home).Property(no-games))</visible>
		</control>
		<control type="label">
			<top>350</top>
			<left>330</left>
			<width>650</width>
			<height>90</height>
			<font>font35_title</font>
			<textcolor>FFF0F0F0</textcolor>
			<aligny>center</aligny>
			<align>center</align>
			<label>$ADDON[script.matchcenter 32018]</label>
			<visible>!IsEmpty(Window(home).Property(no-games))</visible>
		</control>
	</controls>
</window>
