﻿<?xml version="1.0" encoding="utf-8" standalone="yes"?>
<window type="window">
	<depth>0.52</depth>
	<defaultcontrol always="true">32500</defaultcontrol>
	<animation type="WindowOpen" reversible="false">
		<effect type="zoom" start="80" end="100" center="960,540" delay="160" tween="back" time="240" />
		<effect type="fade" delay="160" end="100" time="240" />
	</animation>
	<animation type="WindowClose" reversible="false">
		<effect type="zoom" start="100" end="80" center="960,540" easing="in" tween="back" time="240" />
		<effect type="fade" start="100" end="0" time="240" />
	</animation>
	<defaultcontrol always="true">32501</defaultcontrol>
	<controls>
		<control type="group">
			<control type="group">
				<left>60</left>
				<top>10</top>
				<control type="image">
					<left>0</left>
					<top>0</top>
					<width>1158</width>
					<height>687</height>
					<texture border="2">dialog-bg-solid.png</texture>
				</control>
				<control type="image">
					<left>0</left>
					<top>0</top>
					<width>1158</width>
					<height>70</height>
					<texture colordiffuse="FF12B2E7" border="2">white70.png</texture>
				</control>
				<control type="label" id="32500">
					<textoffsetx>70</textoffsetx>
					<left>-30</left>
					<top>0</top>
					<width>969</width>
					<height>70</height>
					<font>font20_title</font>
					<label></label>
					<align>left</align>
					<aligny>center</aligny>
					<shadowcolor>black</shadowcolor>
				</control>
				<control type="button">
					<left>-1920</left>
					<top>-1080</top>
					<width>5760</width>
					<height>3240</height>
					<texturefocus>-</texturefocus>
					<texturenofocus>-</texturenofocus>
					<onclick>Action(close)</onclick>
				</control>
				<control type="button">
					<description>button overlay to avoid closing in dialog area</description>
					<left>0</left>
					<top>0</top>
					<width>969</width>
					<height>283</height>
					<texturefocus>-</texturefocus>
					<texturenofocus>-</texturenofocus>
					<onclick>noop</onclick>
				</control>
				<control type="radiobutton" id="32502">
					<left>1139</left>
					<top>11</top>
					<width>48</width>
					<height>48</height>
					<radiowidth>48</radiowidth>
					<radioheight>48</radioheight>
					<texturefocus>-</texturefocus>
					<texturenofocus>-</texturenofocus>
					<label></label>
					<onup>32501</onup>
					<ondown>32501</ondown>
					<animation effect="slide" end="-70,0" time="0" condition="true">Conditional</animation>
					<textureradioofffocus colordiffuse="EEFFFFFF">close.png</textureradioofffocus>
					<textureradiooffnofocus colordiffuse="EEFFFFFF">logo.png</textureradiooffnofocus>
					<textureradioonfocus colordiffuse="EEFFFFFF">close.png</textureradioonfocus>
					<textureradioonnofocus colordiffuse="EEFFFFFF">logo.png</textureradioonnofocus>
					<onclick>Action(close)</onclick>
				</control>
			</control>
			<control type="group">
				<visible>IsEmpty(Window(home).Property(loading-script-matchcenter-tables))</visible>
				<top>10</top>
				<control type="label">
					<description>Total Points</description>
					<posx>1140</posx>
					<posy>75</posy>
					<width>50</width>
					<height>35</height>
					<label>$ADDON[script.matchcenter 32034]</label>
					<font>font16</font>
					<align>left</align>
					<textcolor>selected</textcolor>
					<shadowcolor>AA000000</shadowcolor>
				</control>
				<control type="label">
					<description>Goal Difference</description>
					<posx>1060</posx>
					<posy>75</posy>
					<width>50</width>
					<height>35</height>
					<label>$ADDON[script.matchcenter 32035]</label>
					<font>font16</font>
					<align>left</align>
					<textcolor>selected</textcolor>
					<shadowcolor>AA000000</shadowcolor>
				</control>
				<control type="label">
					<description>Goals conceeded</description>
					<posx>980</posx>
					<posy>75</posy>
					<width>50</width>
					<height>35</height>
					<label>$ADDON[script.matchcenter 32036]</label>
					<font>font16</font>
					<align>left</align>
					<textcolor>selected</textcolor>
					<shadowcolor>AA000000</shadowcolor>
				</control>
				<control type="label">
					<description>Goals scored</description>
					<posx>899</posx>
					<posy>75</posy>
					<width>50</width>
					<height>35</height>
					<label>$ADDON[script.matchcenter 32037]</label>
					<font>font16</font>
					<align>left</align>
					<textcolor>selected</textcolor>
					<shadowcolor>AA000000</shadowcolor>
				</control>
				<control type="label">
					<description>Lost</description>
					<posx>820</posx>
					<posy>75</posy>
					<width>50</width>
					<height>35</height>
					<label>$ADDON[script.matchcenter 32038]</label>
					<font>font16</font>
					<align>left</align>
					<textcolor>selected</textcolor>
					<shadowcolor>AA000000</shadowcolor>
				</control>
				<control type="label">
					<description>Draw</description>
					<posx>740</posx>
					<posy>75</posy>
					<width>50</width>
					<height>35</height>
					<label>$ADDON[script.matchcenter 32039]</label>
					<font>font16</font>
					<align>left</align>
					<textcolor>selected</textcolor>
					<shadowcolor>AA000000</shadowcolor>
				</control>
				<control type="label">
					<description>Wins</description>
					<posx>660</posx>
					<posy>75</posy>
					<width>50</width>
					<height>35</height>
					<label>$ADDON[script.matchcenter 32040]</label>
					<font>font16</font>
					<align>left</align>
					<textcolor>selected</textcolor>
					<shadowcolor>AA000000</shadowcolor>
				</control>
				<control type="label">
					<description>Total</description>
					<posx>580</posx>
					<posy>75</posy>
					<width>50</width>
					<height>35</height>
					<label>$ADDON[script.matchcenter 32041]</label>
					<font>font16</font>
					<align>left</align>
					<textcolor>selected</textcolor>
					<shadowcolor>AA000000</shadowcolor>
				</control>
			</control>
			<control type="group">
				<visible>IsEmpty(Window(home).Property(loading-script-matchcenter-tables))</visible>
				<control type="list" id="32501">
					<left>-55</left>
					<top>126</top>
					<width>1137</width>
					<height>570</height>
					<onup>32502</onup>
					<ondown>32501</ondown>
					<onright>61</onright>
					<pagecontrol>61</pagecontrol>
					<scrolltime>200</scrolltime>
					<animation effect="slide" start="0,0" end="10,0" time="0" condition="!Control.IsVisible(61)">Conditional</animation>
					<animation effect="slide" end="120,0" time="0" condition="!Control.IsVisible(5)">Conditional</animation>
					<itemlayout height="57" width="1137">
						<control type="image">
							<left>-25</left>
							<top>-20</top>
							<width>1177</width>
							<height>95</height>
							<texture border="40">button-nofo.png</texture>
						</control>
						<control type="image">
							<description>Team Badge</description>
							<left>55</left>
							<top>3</top>
							<width>50</width>
							<height>50</height>
							<texture>$INFO[ListItem.Thumb]</texture>
						</control>
						<control type="textbox">
							<description>Team Position</description>
							<posx>3</posx>
							<posy>10</posy>
							<width>50</width>
							<height>35</height>
							<label>$INFO[ListItem.Property(position)]</label>
							<font>font16</font>
							<align>center</align>
							<textcolor>selected</textcolor>
							<shadowcolor>AA000000</shadowcolor>
						</control>
						<control type="label">
							<description>Team Name</description>
							<posx>120</posx>
							<posy>15</posy>
							<width>300</width>
							<height>35</height>
							<label>$INFO[ListItem.Label]</label>
							<font>font14</font>
							<align>left</align>
							<textcolor>grey</textcolor>
							<shadowcolor>AA000000</shadowcolor>
						</control>
						<control type="label">
							<description>Total Games</description>
							<posx>503</posx>
							<posy>15</posy>
							<width>40</width>
							<height>35</height>
							<label>$INFO[ListItem.Property(totalgames)]</label>
							<font>font14</font>
							<align>center</align>
							<textcolor>grey</textcolor>
							<shadowcolor>AA000000</shadowcolor>
						</control>
						<control type="label">
							<description>Wins</description>
							<posx>584</posx>
							<posy>15</posy>
							<width>40</width>
							<height>35</height>
							<label>$INFO[ListItem.Property(totalwins)]</label>
							<font>font14</font>
							<align>center</align>
							<textcolor>grey</textcolor>
							<shadowcolor>AA000000</shadowcolor>
						</control>
						<control type="label">
							<description>Draws</description>
							<posx>664</posx>
							<posy>15</posy>
							<width>40</width>
							<height>35</height>
							<label>$INFO[ListItem.Property(totaldraws)]</label>
							<font>font14</font>
							<align>center</align>
							<textcolor>grey</textcolor>
							<shadowcolor>AA000000</shadowcolor>
						</control>
						<control type="label">
							<description>Losts</description>
							<posx>744</posx>
							<posy>15</posy>
							<width>40</width>
							<height>35</height>
							<label>$INFO[ListItem.Property(totallosts)]</label>
							<font>font14</font>
							<align>center</align>
							<textcolor>grey</textcolor>
							<shadowcolor>AA000000</shadowcolor>
						</control>
						<control type="label">
							<description>Goals Scored</description>
							<posx>827</posx>
							<posy>15</posy>
							<width>40</width>
							<height>35</height>
							<label>$INFO[ListItem.Property(goalsscored)]</label>
							<font>font14</font>
							<align>center</align>
							<textcolor>grey</textcolor>
							<shadowcolor>AA000000</shadowcolor>
						</control>
						<control type="label">
							<description>Goals Conceeded</description>
							<posx>909</posx>
							<posy>15</posy>
							<width>40</width>
							<height>35</height>
							<label>$INFO[ListItem.Property(goalsconceeded)]</label>
							<font>font14</font>
							<align>center</align>
							<textcolor>grey</textcolor>
							<shadowcolor>AA000000</shadowcolor>
						</control>
						<control type="label">
							<description>Goals difference</description>
							<posx>989</posx>
							<posy>15</posy>
							<width>40</width>
							<height>35</height>
							<label>$INFO[ListItem.Property(goaldifference)]</label>
							<font>font14</font>
							<align>center</align>
							<textcolor>grey</textcolor>
							<shadowcolor>AA000000</shadowcolor>
						</control>
						<control type="label">
							<description>Points</description>
							<posx>1076</posx>
							<posy>15</posy>
							<width>40</width>
							<height>35</height>
							<label>$INFO[ListItem.Property(points)]</label>
							<font>font14</font>
							<align>center</align>
							<textcolor>grey</textcolor>
							<shadowcolor>AA000000</shadowcolor>
						</control>
					</itemlayout>
					<focusedlayout height="57" width="1137">
						<control type="image">
							<left>-25</left>
							<top>-20</top>
							<width>1177</width>
							<height>95</height>
							<texture border="40">button-nofo.png</texture>
						</control>
						<control type="image">
							<left>-20</left>
							<top>-20</top>
							<width>1177</width>
							<height>95</height>
							<texture border="40" colordiffuse="FF12B2E7">button-fo.png</texture>
							<animation effect="fade" start="100" end="0" time="0">Unfocus</animation>
						</control>
						<control type="textbox">
							<description>Team Position</description>
							<posx>3</posx>
							<posy>10</posy>
							<width>50</width>
							<height>35</height>
							<label>$INFO[ListItem.Property(position)]</label>
							<font>font16</font>
							<align>center</align>
							<textcolor>selected</textcolor>
							<shadowcolor>AA000000</shadowcolor>
						</control>
						<control type="image">
							<description>Team Badge</description>
							<left>55</left>
							<top>3</top>
							<width>50</width>
							<height>50</height>
							<texture>$INFO[ListItem.Thumb]</texture>
						</control>
						<control type="label">
							<description>Team Name</description>
							<posx>120</posx>
							<posy>15</posy>
							<width>300</width>
							<height>35</height>
							<label>$INFO[ListItem.Label]</label>
							<font>font14</font>
							<align>left</align>
							<textcolor>white</textcolor>
							<shadowcolor>AA000000</shadowcolor>
						</control>
						<control type="label">
							<description>Total Games</description>
							<posx>503</posx>
							<posy>15</posy>
							<width>40</width>
							<height>35</height>
							<label>$INFO[ListItem.Property(totalgames)]</label>
							<font>font14</font>
							<align>center</align>
							<textcolor>white</textcolor>
							<shadowcolor>AA000000</shadowcolor>
						</control>
						<control type="label">
							<description>Wins</description>
							<posx>584</posx>
							<posy>15</posy>
							<width>40</width>
							<height>35</height>
							<label>$INFO[ListItem.Property(totalwins)]</label>
							<font>font14</font>
							<align>center</align>
							<textcolor>white</textcolor>
							<shadowcolor>AA000000</shadowcolor>
						</control>
						<control type="label">
							<description>Draws</description>
							<posx>664</posx>
							<posy>15</posy>
							<width>40</width>
							<height>35</height>
							<label>$INFO[ListItem.Property(totaldraws)]</label>
							<font>font14</font>
							<align>center</align>
							<textcolor>white</textcolor>
							<shadowcolor>AA000000</shadowcolor>
						</control>
						<control type="label">
							<description>Losts</description>
							<posx>744</posx>
							<posy>15</posy>
							<width>40</width>
							<height>35</height>
							<label>$INFO[ListItem.Property(totallosts)]</label>
							<font>font14</font>
							<align>center</align>
							<textcolor>white</textcolor>
							<shadowcolor>AA000000</shadowcolor>
						</control>
						<control type="label">
							<description>Goals Scored</description>
							<posx>827</posx>
							<posy>15</posy>
							<width>40</width>
							<height>35</height>
							<label>$INFO[ListItem.Property(goalsscored)]</label>
							<font>font14</font>
							<align>center</align>
							<textcolor>white</textcolor>
							<shadowcolor>AA000000</shadowcolor>
						</control>
						<control type="label">
							<description>Goals Conceeded</description>
							<posx>909</posx>
							<posy>15</posy>
							<width>40</width>
							<height>35</height>
							<label>$INFO[ListItem.Property(goalsconceeded)]</label>
							<font>font14</font>
							<align>center</align>
							<textcolor>white</textcolor>
							<shadowcolor>AA000000</shadowcolor>
						</control>
						<control type="label">
							<description>Goals difference</description>
							<posx>989</posx>
							<posy>15</posy>
							<width>40</width>
							<height>35</height>
							<label>$INFO[ListItem.Property(goaldifference)]</label>
							<font>font14</font>
							<align>center</align>
							<textcolor>white</textcolor>
							<shadowcolor>AA000000</shadowcolor>
						</control>
						<control type="label">
							<description>Points</description>
							<posx>1076</posx>
							<posy>15</posy>
							<width>40</width>
							<height>35</height>
							<label>$INFO[ListItem.Property(points)]</label>
							<font>font14</font>
							<align>center</align>
							<textcolor>white</textcolor>
							<shadowcolor>AA000000</shadowcolor>
						</control>
					</focusedlayout>
				</control>
				<control type="scrollbar" id="61">
					<left>1082</left>
					<top>126</top>
					<width>15</width>
					<height>570</height>
					<texturesliderbackground colordiffuse="29FFFFFF">white.png</texturesliderbackground>
					<texturesliderbar colordiffuse="AAFFFFFF">white.png</texturesliderbar>
					<texturesliderbarfocus colordiffuse="FF12B2E7">white.png</texturesliderbarfocus>
					<textureslidernib>-</textureslidernib>
					<textureslidernibfocus>-</textureslidernibfocus>
					<showonepage>false</showonepage>
					<orientation>vertical</orientation>
					<onleft>32501</onleft>
					<onright>32501</onright>
					<ondown>61</ondown>
					<onup>61</onup>
					<animation effect="slide" end="120,0" time="0" condition="!Control.IsVisible(5)">Conditional</animation>
				</control>
			</control>
		</control>
		<!--Busy control-->
		<control type="image" id="32540">
			<description>Busy animation</description>
			<posx>450</posx>
			<posy>310</posy>
			<width>120</width>
			<height>120</height>
			<texture></texture>
			<aspectratio>keep</aspectratio>
			<animation effect="rotate" start="0" end="360" center="510,370" time="1200" loop="true" condition="true">conditional</animation>
			<visible>!IsEmpty(Window(home).Property(loading-script-matchcenter-tables))</visible>
		</control>
		<control type="label">
			<top>330</top>
			<left>400</left>
			<width>650</width>
			<height>90</height>
			<font>font35_title</font>
			<textcolor>FFF0F0F0</textcolor>
			<aligny>center</aligny>
			<align>center</align>
			<label>$ADDON[script.matchcenter 32016]</label>
			<visible>!IsEmpty(Window(home).Property(loading-script-matchcenter-tables))</visible>
		</control>
	</controls>
</window>
