<?xml version="1.0" encoding="UTF-8" standalone="yes"?>
<addon id="plugin.program.SpeedTester.net" name="[COLOR blue]KodiTVR Speed Tester[/COLOR]" version="10.0.2.2" provider-name="KodiTVR">
  <requires>
    <import addon="xbmc.python" version="2.1.0"/>
  </requires>
  <extension point="xbmc.python.pluginsource" library="default.py">
        <provides>video</provides>
  </extension>
  <extension point="xbmc.addon.metadata">
    <summary lang="en">[COLOR blue]KodiTVR Speed Tester[/COLOR] - Teste a velocidade de sua Internet no seu KODI.</summary>
    <description lang="en">KodiTVR Speed Tester will give you accurate Internet speed/ping test results. - Teste a velocidade da Internet no seu KODI.</description>
    <platform>all</platform>
  </extension>
</addon>
