<?xml version="1.0" encoding="UTF-8" standalone="yes"?>
<addon id="script.module.World_KodiTVR" name="World KodiTVR" version="1.0" provider-name="KodiTVR">
  <requires>
    <import addon="xbmc.python" version="2.1.0"/>
    <import addon="script.module.livestreamer" />
    <import addon="script.module.requests" />
    <import addon="script.module.routing" />
  </requires>
  <extension point="xbmc.python.pluginsource" library="addon.py">
    <provides>video</provides>
  </extension>
  <extension point="xbmc.addon.metadata">
    <summary lang="en_gb">All credit goes to the Original Dev RACC</summary>
    <description lang="en_gb">World KodiTVR Module add-on com canais de vários países, Kids TV, Sports TV, Movies...</description>
    <disclaimer lang="en_gb"></disclaimer>
    <language></language>
    <platform>all</platform>
    <license></license>
    <forum></forum>
    <website>https://koditvr.wixsite.com/website</website>
    <email>koditvr@gmail.com</email>
    <source></source>
  </extension>
</addon>
