<?xml version="1.0" encoding="UTF-8" standalone="yes"?>
<addon id="plugin.video.Add-on_KodiTVR" name="[COLORgreen]KodiTVR[COLORyellow]_Music_[COLORred]Rock[/COLOR]" version="1.0.0" provider-name="KodiTVR">
  <requires>
    <import addon="xbmc.python" version="2.1.0"/>
    <import addon="script.module.addon.common" version="2.0.0"/> 
    <import addon="plugin.video.youtube" version="5.0.0"/>
  </requires>
	
  <extension point="xbmc.python.pluginsource" library="default.py">
    <provides>video</provides>
  </extension>
	
  <extension point="xbmc.addon.metadata">
    <summary lang="en">Add-on_KodiTVR Music Rock</summary>
    <description lang="en">Plugin video Add-on KodiTVR Music Rock para relembrar os principais hinos classic Rock etc. by KodiTVR</description>
    <platform>all</platform>
    <forum></forum>
    <website>https://koditvr.wixsite.com/website</website>
  </extension>
</addon>
