<?xml version="1.0" encoding="UTF-8" standalone="yes"?>
<addon id="script.KodiTVR_pair.web"
  name="KodiTVR Pair Web"
  version="1.1" 
  provider-name="KodiTVR">
  <requires>
    <import addon="xbmc.python" version="2.1.0"/>
  </requires>
  <extension point="xbmc.python.script" library="pair.py">
    <provides>executable</provides>
  </extension>
  <extension point="xbmc.addon.metadata">
    <platform>all</platform>
    <summary lang="en">Pair your Stream Server</summary>
    <description lang="pt">Autorize sua central de media center para qualquer servidor da lista incluída.</description>
	<disclaimer>@KodiTVR</disclaimer>
  </extension>
</addon>
