<?xml version="1.0" encoding="UTF-8" standalone="yes"?>
<addon id="script.module.m3u8" name="m3u8" version="0.3.7" provider-name="Globo.com">
	<requires>
        <import addon="xbmc.python" version="2.19.0"/>
        <import addon="script.module.iso8601"/>
	</requires>
	<extension point="xbmc.python.module" library="lib"/>
	<extension point="xbmc.addon.metadata">
		<summary lang="en">Python m3u8 parser</summary>
		<description lang="en">Packed for XBMC from https://github.com/globocom/m3u8</description>
		<license>MIT</license>
		<website>https://pypi.org/project/m3u8/</website>
		<source>https://github.com/globocom/m3u8</source>
	</extension>
</addon>
